Month Key,Month-Year,Total Incidents,Austin Incidents,Travis County Incidents,Other Area Incidents,Combined Austin and Travis County Incidents,Austin P1 Incidents,Austin P2 Incidents,Austin P3 Incidents,Austin P4 Incidents,Austin P5 Incidents,Travis County P1 Incidents,Travis County P2 Incidents,Travis County P3 Incidents,Travis County P4 Incidents,Travis County P5 Incidents,Overall On-Time Compliance,Austin On-Time Compliance,Travis County On-Time Compliance,Austin P1 On-Time Compliance,Austin P2 On-Time Compliance,Austin P3 On-Time Compliance,Austin P4 On-Time Compliance,Austin P5 On-Time Compliance,Travis County P1 On-Time Compliance,Travis County P2 On-Time Compliance,Travis County P3 On-Time Compliance,Travis County P4 On-Time Compliance,Travis County P5 On-Time Compliance,Target On-Time Compliance
201010,Oct 2010,8910,7571,1321,18,8892,533,2103,1039,2938,958,81,380,199,498,163,95.77,97.32,86.42,94.15,96.78,99.26,98.82,94.57,79.73,77.22,89.77,95.67,88.11,90
201011,Nov 2010,7826,6564,1232,30,7796,401,1896,931,2540,796,83,346,165,473,165,96.01,97.23,89.4,93,96.73,98.94,98.43,95.49,80.77,82.97,89.1,96.75,92.91,90
201012,Dec 2010,8182,6858,1290,34,8148,458,1892,903,2655,950,97,363,177,501,152,95.45,96.88,87.59,93.15,96.63,98.67,98.24,94.5,75.28,81.85,86.34,96.04,92.54,90
201101,Jan 2011,8287,7081,1185,21,8266,466,2017,1025,2573,1000,77,336,184,450,138,95.92,97.13,88.36,95.4,96.34,97.99,98.82,95.25,66.67,86.82,90.8,94.42,88.1,90
201102,Feb 2011,8241,6969,1255,17,8224,426,2058,982,2520,983,79,382,198,429,167,94.52,96.14,84.99,92.21,96.18,97.78,97.97,92.52,64.38,81.06,85.31,93.75,88.59,90
201103,Mar 2011,8764,7449,1302,13,8751,514,2091,1056,2832,956,82,358,216,489,157,95.46,96.51,89.25,93.64,96.92,97.68,98.07,92.42,78.67,85.76,89.9,95.16,88.97,90
201104,Apr 2011,8848,7506,1319,23,8825,475,2219,1064,2790,958,84,389,197,498,151,95.79,97.47,86.07,94.35,97.23,98.54,98.92,95.09,71.23,79.08,90.96,92.4,90.14,90
201105,May 2011,9166,7704,1432,30,9136,534,2294,1059,2869,948,115,407,205,527,178,95.84,97.37,87.17,93.07,97.17,98.11,98.52,96.7,71.43,83.1,89.67,94.8,87.42,90
201106,Jun 2011,9102,7743,1339,20,9082,530,2258,1078,2849,1028,82,407,200,467,183,95.7,97.09,87.41,92.67,96.81,97.95,98.26,96.57,74.65,83.15,88.64,94.82,87.01,90
201107,Jul 2011,9121,7762,1349,10,9111,561,2295,1084,2801,1021,111,406,183,485,164,95.33,96.79,86.73,92.64,96.4,98.06,98.65,94.69,71.58,80.94,87.27,94.29,93.92,90
201108,Aug 2011,9418,8014,1389,15,9403,546,2382,1137,2881,1068,87,386,212,522,182,95.64,97.08,86.97,95.24,95.9,98.22,98.79,95.94,73.33,81.69,84.74,95.14,89.73,90
201109,Sep 2011,8826,7434,1376,16,8810,536,2163,1042,2706,987,79,373,219,509,196,95.88,97.08,89.03,94.51,96.93,98.29,98.05,95.51,72.86,83.58,87.96,96.87,93.17,90
201110,Oct 2011,9200,7837,1342,21,9179,493,2361,1062,2894,1027,76,389,209,524,144,95.36,96.77,86.36,93.67,96.57,96.62,98.42,95.34,64.79,79.76,90.86,94.34,89.43,90
201111,Nov 2011,8386,7080,1286,20,8366,490,1940,1028,2682,940,94,368,206,458,160,96.45,97.62,89.99,94.05,97.18,98.1,98.88,97.07,73.56,84.37,93.75,97.39,92.41,90
201112,Dec 2011,8221,6976,1228,17,8204,489,1944,942,2666,935,95,357,199,421,156,96.1,97.37,88.85,92.36,97.12,98.02,98.64,97.13,78.65,83.69,89.62,96.15,91.37,90
201201,Jan 2012,8510,7243,1254,13,8497,520,2050,1077,2612,984,89,370,192,437,166,96.15,97.51,87.89,92.93,96.88,98.07,99.18,97.21,70,85.12,88.76,95.31,89.93,90
201202,Feb 2012,8469,7215,1245,9,8460,483,2045,1019,2725,943,101,358,170,452,164,95.98,97.02,89.85,93.47,96.42,97.74,98.68,95.72,86.67,84.89,90.62,94.86,92.11,90
201203,Mar 2012,10031,8681,1328,22,10009,595,2478,1108,3366,1134,79,362,207,518,162,95.83,96.99,87.93,93.38,96.41,97.38,98.92,95.45,70.67,84.71,87.23,94.48,90.44,90
201204,Apr 2012,9498,8047,1437,14,9484,596,2344,1083,3000,1024,94,396,227,526,194,95.32,96.49,88.6,91.7,95.69,98.58,98.22,94.94,74.16,82.58,89.66,95.68,93.02,90
201205,May 2012,9971,8561,1398,12,9959,613,2458,1222,3183,1085,104,398,200,516,180,95.58,96.77,87.88,92.22,96.36,98.18,98.75,94.21,76.67,80.62,89.39,96.56,91.45,90
201206,Jun 2012,9747,8368,1362,17,9730,565,2472,1126,3171,1034,87,381,198,500,196,95.93,97.05,88.75,91.07,96.62,98.1,98.55,96.65,64.2,85.96,89.66,96.52,90.64,90
201207,Jul 2012,9777,8381,1376,20,9757,587,2451,1119,3134,1090,99,381,194,538,164,96.29,97.63,87.72,93.31,97.49,98.2,98.8,97.02,73.86,79.88,89.35,96.42,92.41,90
201208,Aug 2012,10056,8588,1423,45,10011,528,2425,1194,3281,1160,93,426,196,518,190,95.25,96.77,85.84,92.21,95.5,97.68,98.47,96.9,60.49,82.13,85.88,94.55,89.08,90
201209,Sep 2012,9676,8260,1408,8,9668,543,2468,1084,3123,1042,120,383,208,551,146,95.89,96.83,90.09,92.08,95.48,98,98.77,96.63,68.63,88.6,89.84,97.16,92.13,90
201210,Oct 2012,9553,8213,1314,26,9527,558,2343,1147,3158,1007,83,373,197,503,158,95.77,96.82,88.98,89.92,96.29,98.46,98.27,96.35,70.51,86.63,88.07,96.2,89.93,90
201211,Nov 2012,8970,7652,1309,9,8961,524,2237,1079,2903,909,100,360,225,494,130,95.61,96.83,88.16,92.6,95.72,97.86,99.12,95.16,73.96,80.75,91.43,95.36,95.73,90
201212,Dec 2012,9290,7879,1378,33,9257,615,2250,1113,2972,929,119,398,205,506,150,95.81,97.06,88.32,91.2,97.23,98.61,98.53,94.97,79.61,82.62,87.89,96.53,91.11,90
201301,Jan 2013,9217,7864,1342,11,9206,568,2224,1198,2898,976,100,383,225,492,142,95.72,96.81,88.93,92.1,95.76,98.36,98.57,95.96,72.34,83.99,91.54,96.73,92.37,90
201302,Feb 2013,8299,7090,1198,11,8288,454,2013,1022,2823,778,83,327,188,481,119,95.96,97.04,89.14,93.24,96.38,98.61,98.72,94.14,74.68,87.63,89.08,95.68,85.11,90
201303,Mar 2013,9777,8351,1411,15,9762,544,2326,1163,3357,961,102,431,211,513,154,95.55,96.73,88.5,89.58,96.62,97.69,98.78,94.43,72.92,83.64,86.39,97.01,94.93,90
201304,Apr 2013,9477,8076,1389,12,9465,565,2333,1134,3148,896,116,386,223,534,130,95.3,96.42,88.54,88.65,95.73,98.49,98.24,95.49,78.85,80.36,90.77,95.65,96.4,90
201305,May 2013,10136,8706,1423,7,10129,624,2512,1238,3337,995,89,389,216,603,126,94.94,96.01,88,91.09,95.14,96.87,97.61,96,75,82.35,85.64,94.88,95.45,90
201306,Jun 2013,10229,8753,1465,11,10218,601,2575,1210,3358,1009,111,420,199,575,160,95.21,96.29,88.27,93.35,94.66,97.85,98.4,95.03,75,81.72,92.27,95.01,92.96,90
201307,Jul 2013,10021,8541,1462,18,10003,626,2537,1183,3204,991,114,446,212,554,136,96.03,97.01,90.1,94.4,96.5,97.21,98.48,95.98,79.21,88.14,90.27,94.07,93.55,90
201308,Aug 2013,9732,8318,1403,11,9721,589,2459,1165,3175,930,123,418,210,512,140,95.52,96.76,87.84,92.68,96.07,97.67,98.43,95.48,70.59,82.83,91.75,95.58,90.98,90
201309,Sep 2013,9586,8056,1513,17,9569,611,2377,1034,3142,892,105,455,235,557,161,96.19,97.01,91.87,93.67,96.3,97.55,98.95,95.28,83.67,89.66,94.37,95.37,90.54,90
201310,Oct 2013,10288,8559,1437,292,9996,654,2398,1172,3356,979,109,400,198,589,141,95.76,96.59,90.53,90.84,95.95,98.2,98.33,95.32,86.9,88.17,88.89,94.06,90.98,90
201311,Nov 2013,9611,8036,1476,99,9512,609,2245,1107,3112,963,108,427,211,579,151,95.84,96.62,91.46,92.78,96.45,98.11,97.98,94.39,80.81,87.83,95.92,96.8,88.06,90
201312,Dec 2013,9677,8118,1546,13,9664,610,2283,1193,3076,956,147,446,206,576,171,95.34,96.41,89.61,92.34,95.02,98.17,98.05,95.94,75.91,86.16,93.78,95.17,90.91,90
201401,Jan 2014,10019,8511,1491,17,10002,627,2359,1195,3338,992,118,434,205,569,165,95.02,96.05,89.05,92.18,95.02,97.86,97.11,95.95,73.68,85.53,91.4,94.71,92.67,90
201402,Feb 2014,8845,7521,1314,10,8835,505,2146,1048,2907,915,113,356,201,484,160,95.85,96.75,90.62,95.01,95.82,97.27,98.25,95.7,80.58,86.21,90.43,96.34,94.63,90
201403,Mar 2014,10331,8800,1513,18,10313,571,2519,1279,3466,965,87,415,243,605,163,96.22,96.87,92.32,94.8,95.96,98.69,98.38,93.88,80.26,88.33,94.55,96.75,92.9,90
201404,Apr 2014,10030,8591,1432,7,10023,541,2530,1263,3268,989,110,387,230,532,173,95.99,96.9,90.37,93.51,96.55,98.04,98.31,94.6,74.26,88.39,90.91,96.71,90.74,90
201405,May 2014,10605,8974,1616,15,10590,615,2517,1392,3425,1025,100,428,240,650,198,95.76,96.76,90.08,92.15,96.44,97.52,98.07,95.82,80.43,87.7,88.73,94.43,91.21,90
201406,Jun 2014,10231,8730,1492,9,10222,601,2377,1307,3378,1067,104,399,240,560,189,96.2,97.16,90.5,94.21,96.91,97.82,97.94,96.64,80,84.77,92.66,97.33,90.34,90
201407,Jul 2014,10566,8982,1574,10,10556,618,2548,1350,3403,1063,119,443,232,592,188,95.22,96.07,90.26,91.84,95.46,97.28,97.44,94.86,77.57,86.72,90.61,95.37,94.12,90
201408,Aug 2014,10509,8963,1534,12,10497,673,2588,1290,3380,1032,94,402,259,602,177,95.9,96.83,90.35,92.64,95.75,98.18,98.46,96.36,78.82,84.44,92.74,95.59,92.45,90
201409,Sep 2014,10355,8767,1578,10,10345,590,2436,1316,3374,1051,97,423,251,652,155,95.17,96.04,90.21,91.73,95.58,97.78,97.18,94.44,73.03,86.74,94.32,94.94,89.73,90
201410,Oct 2014,11250,9075,1705,470,10780,579,2527,1353,3602,1014,110,451,251,716,177,95.01,95.9,90.2,93.43,95.49,97.01,97.64,92.26,73.2,86.1,93.16,94.81,92.55,90
201411,Nov 2014,9751,8209,1538,4,9747,536,2275,1215,3205,978,106,424,223,622,163,95.49,96.2,91.55,90.89,95.9,97.29,97.88,94.16,75,87.8,91.58,97.77,94.59,90
201412,Dec 2014,10096,8455,1628,13,10083,635,2355,1292,3182,991,123,445,242,630,188,95.43,96.48,89.99,92.7,95.46,98.26,97.86,95.51,77.88,85.37,92.51,95.04,93.14,90
201501,Jan 2015,9932,8302,1605,25,9907,597,2305,1345,3050,1005,125,467,251,588,174,95.38,96.66,88.84,91.73,96.05,97.77,97.84,96.76,73.91,84.45,89.29,96.82,89.94,90
201502,Feb 2015,9541,8053,1471,17,9524,496,2154,1359,3137,907,121,438,227,520,165,95.03,96.03,89.41,91.86,95.85,97.19,97.52,93.19,74.11,85.29,91.54,95.65,94.77,90
201503,Mar 2015,11007,9360,1627,20,10987,638,2638,1414,3626,1044,124,443,219,658,183,95.12,95.97,90.29,92.17,94.58,97.53,97.93,94.64,77.06,83.8,96.04,96.25,91.18,90
201504,Apr 2015,10644,9013,1608,23,10621,641,2589,1359,3422,1002,120,467,236,615,170,94.57,95.36,90.16,90.28,94.61,97.12,97.47,92.7,83.04,84.78,92.31,95.89,91.72,90
201505,May 2015,11648,9804,1819,25,11623,695,2707,1529,3756,1117,125,574,219,705,196,94.48,95.55,88.51,91.97,94.92,96.79,97.4,93.09,70.37,85.63,88.77,93.89,93.48,90
201506,Jun 2015,11648,9965,1655,28,11620,755,2889,1463,3703,1155,97,531,179,672,176,94.18,94.89,89.88,91.69,93.75,97.01,97.2,91.71,80,84.46,90.68,96.15,93.25,90
201507,Jul 2015,11791,10046,1727,18,11773,770,2148,2185,3815,1128,99,492,303,688,145,95.05,95.87,90.29,91.27,95.32,97.37,97.71,92.54,74.19,84.86,89.01,97.23,97.67,90
201508,Aug 2015,11729,9994,1707,28,11701,757,2122,2140,3877,1098,109,448,262,689,199,94.69,95.61,89.18,89.29,94.59,97.23,97.5,93.65,83,83.75,90.13,93.86,91.89,90
201509,Sep 2015,11232,9590,1609,33,11199,721,2208,2082,3658,921,128,406,282,641,152,95.09,96.08,89.06,92.89,95.2,97.21,97.56,93.63,75.86,81.56,90.48,96.45,94.29,90
201510,Oct 2015,11448,9644,1786,18,11430,732,2081,1991,3779,1061,122,436,315,734,179,94.42,95.32,89.27,91.68,94,97.01,96.92,93.04,77.57,83.38,91.51,94.94,91.3,90
201511,Nov 2015,10179,8583,1569,27,10152,640,1952,1686,3299,1006,114,404,275,611,165,94.49,95.36,89.6,88.67,94.83,97.05,97.2,93.19,74.76,85.75,92.08,96.14,88.24,90
201512,Dec 2015,10346,8688,1650,8,10338,684,1910,1709,3456,929,122,409,259,693,167,95.94,96.65,92.12,91.9,95.84,97.9,98.12,95.26,81.74,88.24,93.97,96.57,93.04,90
201601,Jan 2016,10327,8705,1608,14,10313,662,1920,1739,3409,975,129,403,281,621,174,96.06,96.94,91.23,94.88,96.42,98.28,97.8,94.73,81.15,87.02,91.73,96.37,94.41,90
201602,Feb 2016,10401,8788,1585,28,10373,686,1980,1686,3474,962,123,424,298,577,163,95.18,95.97,90.88,93.23,95.7,97.01,97.76,92.01,81.2,85.22,93.7,96.05,93.59,90
201603,Mar 2016,11184,9408,1751,25,11159,756,2105,1839,3640,1068,144,457,328,683,139,95.33,96.25,90.31,91.09,95.85,97.6,97.62,94.74,77.37,86.84,91.28,96.4,91.47,90
201604,Apr 2016,11049,9329,1700,20,11029,710,2073,1879,3694,973,133,432,250,705,180,94.61,95.42,90.06,90.42,93.64,97.07,97.59,93.33,79.03,86.44,90.91,95.42,89.87,90
201605,May 2016,11336,9486,1827,23,11313,726,2030,1916,3791,1023,149,489,289,744,156,95.3,96.04,91.33,92.49,94.43,97.44,98.38,92.69,75.86,89.18,91.8,95.76,94.24,90
201606,Jun 2016,11311,9514,1784,13,11298,747,2115,1907,3601,1144,121,436,325,716,186,94.29,95.38,88.4,90.91,94.8,96.43,96.97,93.77,76.15,83.38,89.75,93.86,89.94,90
201607,Jul 2016,11167,9411,1735,21,11146,748,2099,1955,3570,1039,132,480,283,667,173,95.05,95.98,89.95,90.13,95.04,97.46,97.59,94.92,72.17,87.38,93.46,93.82,93.46,90
201608,Aug 2016,11222,9556,1649,17,11205,789,2064,2139,3531,1033,119,436,271,642,181,93.92,94.86,88.55,91.2,92.75,96.74,96.61,93.4,71.82,84.92,91.67,94.77,87.12,90
201609,Sep 2016,11037,9269,1750,18,11019,760,2027,2188,3354,940,124,444,316,676,190,93.68,94.63,88.52,90.68,92.59,95.83,96.66,93.8,72.64,85.68,86.85,96.04,88.7,90
201610,Oct 2016,11404,9672,1707,25,11379,774,2131,2128,3604,1035,116,402,324,683,182,95,95.53,92.02,91.7,94.39,97.13,97.16,93.1,77.57,87.9,92.36,97.42,94.12,90
201611,Nov 2016,10589,8950,1619,20,10569,701,1958,1835,3454,1002,131,381,286,651,170,94.91,95.42,92.13,91.12,94.41,96.97,97.38,92.37,76.92,90.21,94.91,95.81,92.59,90
201612,Dec 2016,11043,9372,1650,21,11022,749,2079,2000,3468,1076,103,406,305,656,180,94.53,95.37,89.83,91.28,94.08,96.76,96.84,94.23,77.42,83.99,91.79,95.21,91.76,90
201701,Jan 2017,10958,9318,1606,34,10924,821,2209,1958,3286,1044,113,390,320,610,173,94.76,95.33,91.45,91.84,93.48,96.24,97.64,94.36,79.81,88.99,90.82,96.87,92.55,90
201702,Feb 2017,10306,8905,1388,13,10293,820,2085,1955,3090,955,110,364,255,534,125,94.27,95,89.66,91.44,94.18,96.21,96.93,92.32,79.25,87.19,91.63,92.44,93.28,90
201703,Mar 2017,11908,10335,1553,20,11888,862,2331,2253,3734,1155,131,392,274,581,175,94.45,95.23,89.42,90.78,95.05,96.52,96.76,92.33,78.57,86.3,88.98,94.71,92.95,90
201704,Apr 2017,11370,9794,1552,24,11346,903,2178,2251,3456,1006,123,391,264,609,165,94.71,95.39,90.43,93.91,94.03,96.3,97.16,92.82,70.8,87.69,91.21,95.51,96.6,90
201705,May 2017,11027,9531,1483,13,11014,709,2057,2238,3388,1139,128,349,284,573,149,94.44,95.2,89.55,90.96,93.84,96.63,96.92,93.53,84.35,86.18,88.89,93.96,90.98,90
201706,Jun 2017,10708,9256,1437,15,10693,777,1930,2184,3292,1073,132,340,268,535,162,93.91,94.93,87.21,89.38,93.43,96.82,97.01,93,69.35,80.49,91.84,95.21,90.6,90
201707,Jul 2017,10742,9221,1504,17,10725,709,1964,2079,3295,1174,125,360,265,577,177,94.61,95.6,88.55,89.53,94,97.18,97.24,95.62,76.15,84.47,87.08,95.93,90.45,90
201708,Aug 2017,10820,9387,1413,20,10800,777,1977,2198,3333,1102,113,328,273,544,155,94.37,95.08,89.5,89.22,93.71,96.31,97.44,93.49,76.53,84.15,90.69,96.07,91.85,90
201709,Sep 2017,10909,9417,1475,17,10892,842,2004,2148,3304,1119,97,376,279,564,159,93.64,94.42,88.5,89.52,93.57,96.24,96,92.59,81.11,82.5,89.64,93.66,92.52,90
201710,Oct 2017,10466,9263,1161,42,10424,829,1989,2032,3301,1112,92,295,206,443,125,93.53,94.21,88.11,86.72,93.75,96.49,96.08,91.15,74.16,86.91,84.26,93.68,89.92,90
201711,Nov 2017,9800,8636,1130,34,9766,798,1909,1900,3095,934,84,284,214,433,115,94.31,95.21,87.38,89.89,93.97,96.46,97.53,92.51,80.49,79.41,89.37,93.66,87.74,90
201712,Dec 2017,10140,8895,1203,42,10098,784,2011,2008,3120,972,76,310,247,437,133,94.25,95.13,87.71,90.49,94.04,95.92,97.2,93.36,59.15,85.62,88.52,93.62,89.6,90
201801,Jan 2018,10660,9441,1177,42,10618,850,2235,2127,3119,1110,103,324,232,432,86,94.23,95.04,87.64,89.54,92.98,96.6,97.43,94.3,72.73,83.23,87.44,94.95,89.29,90
201802,Feb 2018,9416,8319,1057,40,9376,729,1844,1871,2914,961,91,285,220,374,87,94.31,95.09,88.16,91.09,93.68,96.76,97.05,92.13,69.32,85.56,88.32,94.15,92.77,90
201803,Mar 2018,10543,9319,1177,47,10496,772,2040,2146,3341,1020,91,303,216,446,121,94.86,95.44,90.16,91.13,93.86,96.91,96.64,95.1,82.95,84.48,91.41,94.69,92.98,90
201804,Apr 2018,10012,8854,1124,34,9978,685,1935,2042,3206,986,84,290,199,441,110,94.51,95.26,88.58,88.1,94.36,96.02,97.39,94.01,74.7,81.45,91.15,95.12,89.32,90
201805,May 2018,10913,9664,1213,36,10877,811,2180,2360,3264,1049,88,306,215,480,124,94.35,95.06,88.59,90.79,93.69,96.16,97,93.09,73.49,85.08,88.06,94.47,88.14,90
201806,Jun 2018,10368,9225,1114,29,10339,799,2044,2184,3102,1096,71,287,197,436,123,94.54,95.09,89.98,90.44,94.42,96.17,96.84,92.92,70.15,89.82,84.78,95.29,92.5,90
201807,Jul 2018,10502,9211,1259,32,10470,803,1952,2241,3162,1053,103,310,252,449,145,95.03,95.8,89.4,92.44,95.54,96.23,97.01,94.52,72.55,83.28,90.38,95.99,94.29,90
201808,Aug 2018,10455,9305,1112,38,10417,751,1972,2298,3189,1095,89,249,217,444,113,95.23,96,88.77,91.25,94.83,97.05,97.69,94.53,76.54,81.56,86.83,96.35,90.91,90
201809,Sep 2018,10145,8960,1149,36,10109,684,1935,2098,3182,1061,92,266,241,420,130,94.75,95.49,88.97,89.53,93.91,96.83,97.92,92.81,62.5,85.27,91.3,95.17,92.56,90
201810,Oct 2018,10531,9291,1207,33,10498,656,2172,2061,3281,1121,82,315,229,460,121,94.02,94.62,89.36,89.46,93.73,95.68,96.52,92.09,77.92,84,90.37,93.5,94.74,90
201811,Nov 2018,9555,8421,1104,30,9525,605,1923,1921,2989,983,80,285,223,399,117,94.8,95.34,90.63,91.87,94.6,95.44,97.13,93.6,77.33,84.64,92.99,95.91,93.86,90
201812,Dec 2018,9800,8664,1103,33,9767,619,2048,1872,3055,1070,87,275,207,405,129,94.64,95.2,90.11,89.16,93.17,96.72,97.26,94.42,70.24,88.85,90.2,95.31,91.8,90
201901,Jan 2019,9595,8385,1171,39,9556,571,2040,1742,3022,1010,74,327,252,411,107,94.84,95.3,91.57,90.11,94.39,96.06,97.07,93.8,71.43,88.71,92.65,96.14,95.28,90
201902,Feb 2019,9204,8149,1031,24,9180,582,1981,1728,2870,988,68,286,192,389,96,94.19,94.58,91.01,91.68,93.07,95.39,96.86,91.78,75.38,86.4,91.62,96.59,93.26,90
201903,Mar 2019,10586,9363,1183,40,10546,719,2199,2167,3221,1057,77,334,230,430,112,93.48,93.99,89.42,88.3,92.46,95.55,96.07,91.93,82.43,83.75,90.14,94.93,90.48,90
201904,Apr 2019,10416,9217,1164,35,10381,662,2083,2102,3316,1054,80,287,229,444,124,93.5,93.84,90.84,89.97,91.95,95.19,96.01,91,83.12,85.29,88.24,97.15,92.98,90
201905,May 2019,11091,9812,1247,32,11059,693,2188,2334,3485,1112,88,318,259,461,121,93.86,94.37,89.86,89.72,92.48,94.98,96.38,93.83,86.08,82.51,89.11,96.22,91.45,90
201906,Jun 2019,10932,9763,1134,35,10897,752,2074,2417,3348,1172,79,278,232,421,124,93.51,93.88,90.3,89.62,91.67,94.53,96.45,92.34,71.83,84.15,88.89,98.01,94.96,90
201907,Jul 2019,11080,9812,1228,40,11040,744,2272,2245,3382,1169,78,349,216,451,134,93.79,94.52,87.82,87.72,93.05,95.97,96.64,93.22,77.14,79.22,87.68,95.81,92.56,90
201908,Aug 2019,11529,10218,1282,29,11500,730,2242,2453,3577,1216,80,321,278,469,134,93.32,94.01,87.74,90.98,92.47,94.97,96.06,91.12,73.24,81.05,88.93,95.41,85.83,90
201909,Sep 2019,11076,9867,1171,38,11038,735,2224,2374,3366,1168,83,292,250,428,118,93.29,93.51,91.43,87.91,91.97,94.18,95.96,91.97,81.82,87.96,92.83,95.45,90.09,90
201910,Oct 2019,11011,9762,1212,37,10974,722,2192,2223,3415,1210,77,303,246,444,142,93.43,93.89,89.78,89.13,92.24,94.89,95.74,92.89,78.67,86.11,87.61,94.95,92.42,90
201911,Nov 2019,10219,9031,1150,38,10181,727,2039,2020,3138,1107,66,303,200,435,146,94.82,95.32,90.72,91.15,94.36,96.03,96.79,94.63,87.1,85.77,86.17,96.66,93.28,90
201912,Dec 2019,10163,8907,1221,35,10128,661,2124,1977,3078,1067,85,306,263,440,127,93.71,94.34,88.99,89.11,92.68,95.55,96.32,93.23,72.15,83.11,86.4,96.19,98.28,90
202001,Jan 2020,10416,9118,1265,33,10383,662,2111,2040,3125,1180,100,335,254,449,127,94.14,94.87,88.75,89.67,93.22,96.5,96.6,93.74,74.47,84.66,89.67,95.17,87.7,90
202002,Feb 2020,10225,9039,1159,27,10198,711,2061,2056,3039,1172,81,294,236,424,124,93.99,94.57,89.35,89.43,93,95.57,97.13,92.54,76.62,82.98,88.5,96.19,93.22,90
202003,Mar 2020,10432,9132,1244,56,10376,678,2183,2030,3088,1153,78,328,255,454,129,94.47,94.95,90.94,89.4,92.87,97.07,96.93,93.52,75.34,85.67,93,95.47,95.04,90
202004,Apr 2020,8880,7652,1099,129,8751,595,1617,1931,2426,1083,91,286,254,324,144,95.2,96,89.44,89.01,92.92,97.17,98.41,97.5,72.62,83.77,89.47,97.37,95.45,90
202005,May 2020,9871,8526,1211,134,9737,674,1675,2141,2851,1185,86,320,281,391,133,94.44,95.48,87.12,87.79,92.67,96.29,98.26,96.16,61.25,80.13,89.71,95.59,91.47,90
202006,Jun 2020,10223,8805,1292,126,10097,651,1820,2328,2829,1177,99,351,289,413,140,93.72,94.44,88.72,86.46,91.51,95.06,97.43,95.44,79.07,80.12,89.21,96.53,95.31,90
202007,Jul 2020,10901,9405,1389,107,10794,662,2004,2444,2989,1306,92,374,303,465,155,92.69,93.23,89.04,86.61,88.72,94.31,96.74,94.09,78.82,82.49,88.46,96.29,91.89,90
202008,Aug 2020,10616,9238,1278,100,10516,639,1810,2364,3128,1297,89,315,263,467,144,93.75,94.68,86.84,86.48,91.84,95.06,97.2,96.25,67.44,76.41,88.67,95.84,93.33,90
202009,Sep 2020,9567,8335,1156,76,9491,556,1606,2128,2821,1224,84,274,239,428,131,94.89,95.53,90.23,89.83,92.97,95.51,97.69,96.8,77.22,82.82,92.48,94.72,96.85,90
202010,Oct 2020,9920,8703,1145,72,9848,515,1828,2151,3041,1168,66,261,268,407,143,95.03,95.69,89.79,90.13,93.2,96.18,98.24,94.92,69.35,80.88,93.2,95.64,94.66,90
202011,Nov 2020,9389,8206,1123,60,9329,556,1781,2012,2816,1041,69,280,253,395,126,94.92,95.75,88.84,91.17,92.33,96.33,98.17,96.76,69.23,80.74,90.46,96.29,92.62,90
202012,Dec 2020,9807,8398,1315,94,9713,556,1731,2059,2817,1235,105,336,303,421,150,94.1,94.87,88.97,86.74,91.69,95.1,97.64,96.67,78.57,82.43,90.48,94.37,94.16,90
202101,Jan 2021,10278,8909,1267,102,10176,594,2014,2215,2878,1208,73,351,284,436,123,92.9,93.58,88.04,83.92,91.83,93.86,96.67,93.95,64.18,81.6,89.74,94.93,94.12,90
202102,Feb 2021,10754,9275,1381,98,10656,595,2153,2251,2829,1447,92,379,308,441,161,79.3,80.26,72.56,72.6,73.97,78.75,89.61,78.27,53.57,63.51,69.26,86.48,78.29,90
202103,Mar 2021,10679,9235,1384,60,10619,644,1750,2358,3180,1303,90,336,308,489,161,94.07,94.94,88.13,87.06,92.67,95.2,97.51,95.5,73.49,80.98,88.63,95.93,89.04,90
202104,Apr 2021,11162,9836,1286,40,11122,696,1961,2424,3379,1376,82,316,270,462,156,93.36,93.96,88.72,89.42,91.81,94.15,96.42,93.28,74.68,80.07,90.31,96.27,90.54,90
202105,May 2021,11649,10120,1487,42,11607,780,2197,2257,3610,1276,114,379,307,507,180,92.97,93.73,87.72,83.84,92.44,94.13,96.58,93.6,72.12,79.29,88.85,95.34,94.51,90
202106,Jun 2021,11673,10233,1408,32,11641,761,2245,2417,3543,1267,106,336,303,493,170,93.51,94.06,89.42,88.38,92.32,94.54,96.27,93.96,77.78,82.7,90.39,94.85,94.04,90
202107,Jul 2021,12307,10731,1522,54,12253,805,2478,2482,3725,1241,120,410,286,530,176,92.5,93.2,87.41,84.13,91.42,94.01,96.35,92.11,71.03,83.08,89.82,92.52,91.25,90
202108,Aug 2021,13206,11478,1682,46,13160,941,2653,2710,3748,1426,150,488,321,536,187,91.93,92.62,87.23,84.74,91.44,93.16,95.64,91.54,67.83,84.15,90.91,93.44,88.69,90
202109,Sep 2021,12052,10478,1536,38,12014,818,2363,2355,3627,1315,127,421,305,498,185,92.14,92.84,87.37,86.44,90.72,93.82,95.55,91.91,68.1,83.96,88.89,94.8,87.43,90
202110,Oct 2021,11387,9935,1400,52,11335,737,2260,2244,3434,1260,85,382,272,511,150,92.69,93.47,87.03,85.94,92.72,93.91,95.89,92.72,72.97,79.48,90.57,94.63,85.71,90
202111,Nov 2021,10438,9049,1346,43,10395,692,2191,1946,3061,1159,111,391,235,452,157,92.4,92.97,88.44,87.32,91.44,94.24,95.96,90.92,71.72,85.03,90.38,95.52,91.22,90
202112,Dec 2021,11388,9811,1532,45,11343,745,2394,2182,3187,1303,125,390,294,547,176,92.71,93.43,87.83,87.44,91.4,94.26,96.39,93.48,71.17,84.64,88.42,93.89,91.77,90
202201,Jan 2022,11267,9711,1492,64,11203,814,2482,2089,3008,1318,114,439,298,485,156,91.85,92.77,85.76,84.71,91.36,93.8,95.46,93.81,68.69,78.64,87.5,96.44,89.58,90
202202,Feb 2022,9886,8531,1320,35,9851,629,2109,1843,2816,1134,101,376,250,452,141,92.21,93.14,85.93,83.69,92.17,93.86,95.53,94.29,70.33,78.64,88.02,94.33,92.19,90
202203,Mar 2022,11465,9956,1464,45,11420,697,2392,2326,3298,1243,120,383,295,518,148,92.52,92.89,89.9,86.14,90.3,94.55,95.48,93.13,81.82,87.39,88.89,94.29,94.12,90
202204,Apr 2022,11157,9665,1453,39,11118,747,2170,2289,3293,1166,94,405,286,509,159,92.72,93.44,87.67,87.3,92.02,94.39,95.35,93.73,67.47,82.7,89.68,96.51,89.29,90
202205,May 2022,12511,10843,1611,57,12454,788,2441,2679,3523,1412,110,424,307,577,193,88.16,89,82.18,80.29,85.26,91,92.3,89.87,70.41,72.43,84.47,91.74,86.13,90
202206,Jun 2022,12142,10522,1563,57,12085,765,2449,2474,3382,1452,107,413,321,533,189,87.72,88.51,82.07,80.58,84.3,90.16,93.26,88.16,70.53,72.83,84.39,88.79,90.53,90
202207,Jul 2022,12645,10976,1619,50,12595,862,2571,2745,3421,1377,114,433,348,520,204,86.25,86.78,82.49,79.97,83.74,87.46,91.3,85.73,68.69,71.5,83.33,92.63,90.71,90
202208,Aug 2022,12188,10549,1606,33,12155,888,2396,2720,3254,1291,103,450,327,528,198,86.34,87.42,79.15,79.61,83.65,88.13,92.78,85.59,66.67,70.89,77.17,90.27,81.22,90
202209,Sep 2022,11819,10200,1575,44,11775,793,2421,2306,3127,1553,111,411,309,571,173,85.17,85.78,81.09,73.94,81.71,86.84,91.63,85.17,68.57,74.16,79.86,89.98,81.76,90
202210,Oct 2022,11765,10151,1568,46,11719,821,2594,1895,2924,1917,108,475,269,529,187,84.5,85.48,78.14,74.97,80.42,86.92,92.05,85.99,56.31,70.52,75.19,89.51,85.21,90
202211,Nov 2022,10876,9330,1481,65,10811,772,2630,1669,2587,1672,124,472,226,478,181,84.98,85.65,80.67,79.15,80.57,86.89,92.48,85.54,71.79,73.12,79.63,90.66,83.85,90
202212,Dec 2022,11086,9485,1536,65,11021,737,2591,1735,2655,1767,105,477,238,520,196,85.37,86.21,80.06,77.36,80.77,87.7,92.25,87.91,66.33,70.15,85.2,88.72,84.62,90
202301,Jan 2023,10911,9323,1527,61,10850,709,2559,1655,2691,1709,97,493,255,486,196,84.97,85.6,81.05,78.14,80.4,88.04,91.23,85.89,63.16,72.61,83.54,91.22,86.11,90
202302,Feb 2023,10701,9192,1454,55,10646,604,2850,1322,2704,1712,99,499,169,490,197,79.88,80.36,76.72,73.16,75.84,79.76,87.66,79.84,65.56,70.19,77.36,87.44,75.14,90
202303,Mar 2023,11504,9878,1593,33,11471,765,3158,1294,2773,1888,84,555,190,584,180,80.41,80.54,79.57,74.13,76.74,77.94,88.66,79.91,63.01,71.93,77.65,89.51,84.81,90
202304,Apr 2023,10984,9466,1484,34,10950,759,3028,1242,2634,1803,107,519,170,507,181,79.02,79.44,76.29,70.54,76.46,77.47,87.43,78.49,63.16,69.94,64.78,89.79,79.64,90
202305,May 2023,11868,10185,1635,48,11820,797,3187,1350,2879,1972,99,595,214,554,173,81.01,81.47,78.07,76.32,76.94,80.58,87.16,83.74,71.58,68.61,79.9,87.18,86.62,90
202306,Jun 2023,11850,10205,1591,54,11796,863,3143,1238,2965,1996,104,585,181,534,187,79.93,80.29,77.6,75.09,74.87,77.54,88.5,81.17,60,68.4,82.46,87.99,84,90
202307,Jul 2023,12107,10409,1640,58,12049,859,3230,1309,3144,1867,125,626,151,536,202,81.56,81.86,79.63,76.01,78.01,77.21,88.67,83.55,66.07,70.76,76.39,92.34,86.74,90
202308,Aug 2023,12471,10745,1657,69,12402,848,3288,1335,3098,2176,117,653,163,533,191,79.52,79.76,77.91,72.7,74.87,77,85.51,84,59.46,71.24,76,88.86,85.79,90
202309,Sep 2023,11778,10151,1571,56,11722,847,3162,1277,2975,1890,121,560,177,527,186,79.77,80.14,77.33,71.78,75.63,77.36,86.82,83.28,67.27,70.34,73.94,87,83.72,90
202310,Oct 2023,11262,9730,1483,49,11213,753,3140,1123,2990,1724,86,554,175,496,172,80.73,80.85,79.88,69.84,76.8,77.18,87.81,83.96,68.42,72.88,77.19,87.44,91.19,90
202311,Nov 2023,10410,8905,1448,57,10353,743,3010,1049,2655,1448,114,541,149,496,148,80.65,81.26,76.86,72.48,77.87,77.68,88.56,82.84,63.3,68.36,72.99,90.62,81.25,90
202312,Dec 2023,11128,9431,1640,57,11071,763,3168,1123,2850,1527,123,620,185,519,193,80.77,81.29,77.7,76.02,76.91,79.08,89.46,80.24,58.47,70.83,77.01,89.12,85.8,90
202401,Jan 2024,11242,9618,1570,54,11188,786,3265,1189,2778,1600,123,592,149,523,183,79.62,79.94,77.61,69.52,75.97,79.05,88.79,79.08,61.82,68.14,76.3,90.79,85.88,90
202402,Feb 2024,10432,8947,1440,45,10387,693,3015,1152,2593,1494,124,535,144,464,173,81.76,82.13,79.4,72.35,79.1,80.65,89.02,82.19,58.93,72.66,82.17,91.14,84.05,90
202403,Mar 2024,11428,9806,1557,65,11363,729,3240,1173,2896,1768,102,617,146,501,191,83.69,84.02,81.63,78.33,80.41,80.5,89.7,86.47,64.29,74.62,79.41,93.18,87.5,90
202404,Apr 2024,11193,9630,1514,49,11144,758,3043,1149,3049,1631,99,570,167,525,153,82.54,83.14,78.73,74.25,78.04,82.13,89.88,85.47,62.77,70.47,77.85,88.58,90.98,90
202405,May 2024,12466,10689,1710,67,12399,789,3472,1241,3274,1913,136,645,185,558,186,81.31,81.88,77.71,71.8,78.18,78.82,87.09,86.16,58.2,72.05,69.19,89.42,87.43,90
202406,Jun 2024,12147,10448,1633,66,12081,828,3307,1210,3167,1936,118,633,173,523,186,80.8,81.54,76.04,70.35,77.11,77.51,88.25,85.92,61.47,64.39,76.83,91.14,85.71,90
202407,Jul 2024,12053,10418,1558,77,11976,830,3447,1247,3055,1839,103,585,156,539,175,81.17,81.67,77.83,74.8,76.32,78.41,89.21,85.03,67.35,71.53,72.34,86.32,86.34,90
202408,Aug 2024,12439,10698,1677,64,12375,843,3586,1210,3154,1905,117,633,145,595,187,80.79,81.11,78.71,75.3,77.19,77.75,87.36,83.29,59.46,72.94,73.72,89.8,82.63,90
202409,Sep 2024,11758,10099,1594,65,11693,807,3383,1115,3014,1780,118,581,159,519,217,81.16,81.54,78.71,71.79,78.66,77.27,87.51,84.11,63.89,72.24,73.47,89.12,86.24,90
202410,Oct 2024,11925,10258,1598,69,11856,772,3536,1121,3065,1764,72,594,168,565,199,79.84,80.1,78.15,71.43,76.48,76.05,85.99,83.84,62.69,67.66,73.72,89.34,89.95,90
202411,Nov 2024,11240,9620,1540,80,11160,672,3270,1175,3006,1497,85,608,155,509,183,82.96,83.35,80.52,78.99,79.36,80.91,87.6,87.87,60,74.44,77.4,90.39,88.3,90
202412,Dec 2024,10975,9244,1609,122,10853,681,3210,1162,2909,1282,87,654,166,510,192,85.04,85.47,82.53,74.84,82.81,80.05,90.15,92.64,65.88,76.84,83.01,89.44,93.26,90
202501,Jan 2025,11164,9323,1708,133,11031,695,3392,1153,2835,1248,119,718,168,511,192,84.43,84.8,82.35,74.85,81.09,80.42,90.52,92.28,72.57,77.17,77.85,90.93,91.21,90
202502,Feb 2025,10461,8889,1439,133,10328,684,3305,1173,2660,1067,105,581,121,472,160,84.75,84.98,83.32,78.14,81.54,79.34,89.58,95.51,71.29,77.39,75,92.42,95.3,90
202503,Mar 2025,11544,9764,1642,138,11406,731,3524,1213,3136,1160,106,634,154,598,150,83.86,84.11,82.37,74.45,81.36,80.38,87.04,94.96,71.13,75.12,77.93,90.54,94.37,90
202504,Apr 2025,11169,9460,1570,139,11030,742,3481,1168,3027,1042,98,620,153,546,153,82.62,82.72,81.97,75.76,79.7,78.69,85.33,95.52,69.15,73.54,80.14,91.28,96.62,90
202505,May 2025,11569,9741,1667,161,11408,735,3490,1242,3204,1070,114,634,165,582,172,81.61,81.66,81.3,71.41,79.51,75,84.75,94.64,64.81,74.67,78.29,88.66,96.97,90
202506,Jun 2025,10875,9185,1562,128,10747,690,3372,1150,2964,1009,104,612,177,501,168,82.81,83.3,79.93,77.72,80.88,75.98,86.13,95.28,66.67,72.03,78.79,87.44,98.1,90
